model_name,PEW,WVS
Qwen_Qwen2-0.5B,0.0286317319293699,-0.4080831092686975
bigscience_bloomz-560m,0.4432471148784574,
facebook_opt-125m,0.1270049219114951,0.0155840491123404
facebook_opt-350m,-0.3341171587610314,-0.156343578042465
google_gemma-2-9b-it,0.572865892627683,0.4396173650033643
gpt2,0.1634321306003626,0.2100188682050501
gpt2-large,-0.2563746476532752,0.0064722671157772
gpt2-medium,-0.0935281620958292,0.1608882260766886
meta-llama_Meta-Llama-3-8B,0.1506068847161239,0.1605404907793183
